timestamp,elapsed_sec,up_bid_p1,up_bid_s1,up_bid_p2,up_bid_s2,up_ask_p1,up_ask_s1,up_ask_p2,up_ask_s2,down_bid_p1,down_bid_s1,down_bid_p2,down_bid_s2,down_ask_p1,down_ask_s1,down_ask_p2,down_ask_s2,up_spread,down_spread,eth_price,eth_oracle_ts
1776291300.86,0.86,0.4,38.0,0.39,34.0,0.45,5.36,0.47,19.85,0.53,19.85,0.52,149.05,0.54,32.96,0.55,5.56,0.05,0.01,2374.270666,1776291299000
1776291302.478,2.478,0.35,16.0,0.33,305.0,0.45,5.36,0.47,19.85,0.55,5.36,0.53,19.85,0.6,38.0,0.61,34.0,0.1,0.05,2374.361489,1776291301000
1776291302.851,2.851,0.38,11.0,0.37,16.0,0.45,13.96,0.46,11.0,0.55,5.36,0.53,19.85,0.65,16.0,0.67,305.0,0.07,0.1,2374.361489,1776291301000
1776291304.33,4.33,0.44,10.0,0.43,10.0,0.45,15.62,0.46,16.0,0.55,13.96,0.54,11.0,0.62,11.0,0.63,16.0,0.01,0.07,2374.245368,1776291303000
1776291304.713,4.713,0.44,8.21,0.43,10.0,0.45,10.62,0.46,16.0,0.55,10.62,0.54,16.0,0.56,10.0,0.57,10.0,0.01,0.01,2374.245368,1776291303000
1776291304.935,4.935,0.44,4.94,0.43,10.0,0.45,10.62,0.46,16.0,0.55,10.62,0.54,16.0,0.56,8.21,0.57,10.0,0.01,0.01,2374.245368,1776291303000
1776291305.472,5.472,0.44,3.94,0.43,10.0,0.45,10.62,0.46,16.0,0.55,10.62,0.54,16.0,0.56,4.94,0.57,10.0,0.01,0.01,2374.245368,1776291303000
1776291306.277,6.277,0.46,4.9,0.45,15.0,0.47,29.85,0.48,159.05,0.55,10.62,0.54,16.0,0.56,3.94,0.57,10.0,0.01,0.01,2374.193703,1776291305000
1776291307.076,7.076,0.46,4.34,0.45,15.0,0.47,29.85,0.48,176.05,0.53,29.85,0.52,159.05,0.54,4.9,0.55,15.0,0.01,0.01,2374.193703,1776291305000
1776291308.011,8.011,0.46,20.63,0.45,15.0,0.47,24.85,0.48,176.05,0.53,29.85,0.52,176.05,0.54,4.34,0.55,15.0,0.01,0.01,2374.252266,1776291306000
1776291309.724,9.724,0.45,15.0,0.44,13.94,0.46,16.89,0.47,75.6,0.53,18.6,0.52,176.05,0.54,20.63,0.55,15.0,0.01,0.01,2374.243498,1776291308000
1776291310.81,10.81,0.44,7.0,0.43,10.0,0.45,15.0,0.46,36.89,0.54,16.89,0.53,75.6,0.55,15.0,0.56,13.94,0.01,0.01,2374.234108,1776291309000
1776291313.242,13.242,0.44,37.0,0.43,10.0,0.46,31.78,0.47,40.0,0.55,15.0,0.54,36.89,0.56,7.0,0.57,10.0,0.02,0.01,2374.03575,1776291311000
1776291314.14,14.14,0.45,3.18,0.44,47.0,0.46,31.78,0.47,102.0,0.54,31.78,0.53,40.0,0.56,32.0,0.57,10.0,0.01,0.02,2373.835668,1776291312000
1776291314.481,14.481,0.45,18.68,0.44,52.5,0.46,42.28,0.47,102.0,0.54,31.78,0.53,102.0,0.55,3.18,0.56,47.0,0.01,0.01,2373.872442,1776291313000
1776291315.197,15.197,0.45,7.68,0.44,52.5,0.46,31.78,0.47,61.5,0.54,42.28,0.53,102.0,0.55,18.68,0.56,52.5,0.01,0.01,2373.854249,1776291314000
1776291316.423,16.423,0.43,32.5,0.42,55.0,0.44,40.0,0.45,65.5,0.54,36.78,0.53,61.5,0.56,49.18,0.57,22.0,0.01,0.02,2373.914618,1776291315000
1776291316.97,16.97,0.43,21.97,0.42,55.0,0.44,60.0,0.45,65.5,0.56,40.0,0.55,65.5,0.57,32.5,0.58,55.0,0.01,0.01,2373.914618,1776291315000
1776291318.02,18.02,0.43,35.21,0.42,45.0,0.44,112.0,0.45,45.0,0.56,60.0,0.55,65.5,0.57,21.97,0.58,55.0,0.01,0.01,2373.882846,1776291316000
1776291318.573,18.573,0.43,30.21,0.42,45.0,0.45,10.0,0.46,32.28,0.56,112.0,0.55,45.0,0.57,35.21,0.58,45.0,0.02,0.01,2373.808552,1776291317000
1776291318.812,18.812,0.43,40.21,0.42,45.0,0.46,32.28,0.47,45.5,0.55,10.0,0.54,32.28,0.57,30.21,0.58,45.0,0.03,0.02,2373.808552,1776291317000
1776291320.837,20.837,0.45,72.0,0.44,77.0,0.46,10.1,0.47,30.5,0.54,32.28,0.53,45.5,0.57,35.5,0.58,45.0,0.01,0.03,2373.984116,1776291319000
1776291321.779,21.779,0.45,64.8,0.44,87.5,0.46,10.1,0.47,30.5,0.54,10.1,0.53,30.5,0.55,72.0,0.56,77.0,0.01,0.01,2374.030901,1776291320000
1776291322.344,22.344,0.45,7.0,0.44,69.3,0.46,47.1,0.47,68.5,0.54,10.1,0.53,30.5,0.56,59.3,0.57,50.5,0.01,0.02,2374.043265,1776291321000
1776291322.673,22.673,0.43,1.88,0.42,45.0,0.46,34.05,0.47,125.5,0.54,39.05,0.53,68.5,0.55,7.0,0.56,69.3,0.03,0.01,2374.043265,1776291321000
1776291324.223,24.223,0.44,37.0,0.43,1.88,0.45,12.55,0.46,29.05,0.54,34.05,0.53,125.5,0.57,1.88,0.58,45.0,0.01,0.03,2374.022818,1776291322000
1776291324.903,24.903,0.44,42.0,0.43,1.88,0.45,0.11,0.46,29.05,0.55,7.43,0.54,29.05,0.56,37.0,0.57,1.88,0.01,0.01,2374.009378,1776291323000
1776291325.34,25.34,0.44,42.0,0.43,11.88,0.46,31.98,0.47,142.5,0.55,0.11,0.54,29.05,0.56,42.0,0.57,1.88,0.02,0.01,2374.016188,1776291324000
1776291328.173,28.173,0.41,50.0,0.4,5.0,0.43,32.0,0.44,29.0,0.54,31.98,0.53,142.5,0.56,42.0,0.57,11.88,0.02,0.02,2373.997805,1776291327000
1776291328.579,28.579,0.41,30.0,0.4,15.0,0.42,8.0,0.43,54.0,0.57,32.0,0.56,29.0,0.59,50.0,0.6,5.0,0.01,0.02,2373.997805,1776291327000
1776291328.846,28.846,0.43,13.05,0.42,15.0,0.46,9.25,0.47,30.5,0.58,8.0,0.57,54.0,0.59,30.0,0.6,15.0,0.03,0.01,2373.997805,1776291327000
1776291329.385,29.385,0.43,3.05,0.42,15.0,0.44,9.88,0.45,15.0,0.54,9.25,0.53,30.5,0.57,13.05,0.58,15.0,0.01,0.03,2373.898953,1776291328000
1776291330.53,30.53,0.44,112.0,0.43,68.05,0.45,5.0,0.46,34.75,0.55,3.42,0.54,19.25,0.57,58.05,0.58,15.0,0.01,0.02,2373.837408,1776291329000
1776291333.487,33.487,0.45,80.0,0.44,50.0,0.46,9.25,0.48,169.05,0.55,5.0,0.54,34.75,0.56,112.0,0.57,68.05,0.01,0.01,2374.029458,1776291331000
1776291334.126,34.126,0.47,10.0,0.46,5.0,0.48,171.05,0.49,75.0,0.52,169.05,0.51,122.0,0.55,96.0,0.56,50.0,0.01,0.03,2374.049464,1776291333000
1776291334.878,34.878,0.41,50.0,0.4,10.0,0.44,83.0,0.45,26.0,0.52,124.38,0.51,80.0,0.57,15.0,0.58,30.0,0.03,0.05,2374.049464,1776291333000
1776291335.31,35.31,0.41,55.0,0.4,10.0,0.42,7.38,0.43,20.0,0.56,83.0,0.55,26.0,0.59,50.0,0.6,10.0,0.01,0.03,2374.135288,1776291334000
1776291336.836,36.836,0.41,55.0,0.4,25.0,0.42,9.99,0.43,20.0,0.58,7.38,0.57,20.0,0.59,55.0,0.6,10.0,0.01,0.01,2374.002855,1776291335000
1776291339.769,39.769,0.42,25.0,0.41,50.0,0.43,10.0,0.44,20.5,0.58,9.99,0.57,20.0,0.59,55.0,0.6,25.0,0.01,0.01,2373.806494,1776291338000
1776291341.321,41.321,0.43,20.0,0.42,35.0,0.44,20.5,0.45,48.5,0.57,10.0,0.56,20.5,0.58,25.0,0.59,50.0,0.01,0.01,2373.806943,1776291339000
1776291341.623,41.623,0.43,5.0,0.42,35.0,0.44,85.22,0.45,38.5,0.56,20.5,0.55,48.5,0.57,20.0,0.58,35.0,0.01,0.01,2373.812015,1776291340000
1776291343.306,43.306,0.41,2.15,0.4,15.0,0.42,125.0,0.43,69.5,0.56,85.22,0.55,38.5,0.57,5.0,0.58,35.0,0.01,0.01,2373.920182,1776291342000
1776291343.515,43.515,0.41,2.15,0.4,25.0,0.42,119.32,0.43,69.5,0.58,125.0,0.57,69.5,0.59,2.15,0.6,15.0,0.01,0.01,2373.920182,1776291342000
1776291345.916,45.916,0.4,15.0,0.39,126.0,0.41,67.41,0.42,52.5,0.58,119.32,0.57,69.5,0.59,2.15,0.6,25.0,0.01,0.01,2373.841941,1776291344000
1776291348.684,48.684,0.39,105.0,0.38,164.5,0.4,63.55,0.41,20.41,0.59,67.41,0.58,52.5,0.6,15.0,0.61,126.0,0.01,0.01,2373.837601,1776291347000
1776291350.603,50.603,0.39,124.82,0.38,164.5,0.4,1.42,0.41,20.41,0.6,63.55,0.59,20.41,0.61,105.0,0.62,164.5,0.01,0.01,2373.839184,1776291349000
1776291358.597,58.597,0.38,130.0,0.37,129.0,0.4,151.92,0.41,49.91,0.6,1.42,0.59,20.41,0.61,124.82,0.62,164.5,0.02,0.01,2373.761735,1776291357000
1776291363.027,63.027,0.38,85.0,0.37,140.0,0.39,103.36,0.4,22.92,0.6,151.92,0.59,49.91,0.62,130.0,0.63,129.0,0.01,0.02,2373.720709,1776291361000
1776291365.289,65.289,0.38,65.0,0.37,140.0,0.39,288.29,0.4,32.92,0.61,113.36,0.6,32.92,0.62,85.0,0.63,140.0,0.01,0.01,2373.635213,1776291364000
1776291366.067,66.067,0.38,80.0,0.37,140.0,0.39,266.71,0.4,32.92,0.61,277.52,0.6,32.92,0.62,65.0,0.63,140.0,0.01,0.01,2373.635213,1776291364000
1776291367.712,67.712,0.38,15.0,0.37,100.0,0.39,375.21,0.4,79.92,0.61,266.71,0.6,32.92,0.62,80.0,0.63,140.0,0.01,0.01,2373.675409,1776291366000
1776291374.15,74.15,0.35,112.0,0.34,105.5,0.37,5.0,0.38,67.0,0.61,375.21,0.6,59.92,0.63,100.0,0.64,75.0,0.02,0.02,2373.464216,1776291372000
1776291374.416,74.416,0.36,37.18,0.35,125.5,0.37,18.0,0.39,195.21,0.63,5.0,0.62,67.0,0.65,112.0,0.66,105.5,0.01,0.02,2373.464216,1776291372000
1776291375.247,75.247,0.37,9.92,0.36,12.18,0.38,196.5,0.39,195.21,0.63,31.0,0.61,190.21,0.64,37.18,0.65,125.5,0.01,0.01,2373.437273,1776291374000
1776291375.881,75.881,0.36,5.0,0.35,22.0,0.37,205.25,0.38,61.5,0.62,196.5,0.61,195.21,0.63,9.92,0.64,12.18,0.01,0.01,2373.437273,1776291374000
1776291379.517,79.517,0.34,5.0,0.33,105.0,0.35,215.0,0.36,72.5,0.63,205.25,0.62,61.5,0.64,5.0,0.65,22.0,0.01,0.01,2373.448371,1776291377000
1776291380.475,80.475,0.33,20.0,0.32,35.5,0.34,224.0,0.35,63.0,0.65,215.0,0.64,72.5,0.66,5.0,0.67,105.0,0.01,0.01,2373.461393,1776291379000
1776291380.969,80.969,0.33,5.07,0.32,35.5,0.34,219.0,0.35,63.0,0.66,224.0,0.65,63.0,0.67,20.0,0.68,35.5,0.01,0.01,2373.461393,1776291379000
1776291384.272,84.272,0.33,6.8,0.32,21.5,0.34,224.0,0.35,63.0,0.66,219.0,0.65,63.0,0.67,5.07,0.68,35.5,0.01,0.01,2373.324652,1776291382000
1776291384.889,84.889,0.3,51.66,0.29,81.0,0.32,82.0,0.33,30.0,0.66,224.0,0.65,63.0,0.67,6.8,0.68,21.5,0.02,0.01,2373.241187,1776291383000
1776291385.403,85.403,0.3,19.08,0.29,86.0,0.31,102.44,0.32,57.0,0.69,10.0,0.68,96.0,0.7,50.08,0.71,81.0,0.01,0.01,2373.241956,1776291384000
1776291387.302,87.302,0.3,159.5,0.29,63.5,0.31,62.0,0.34,67.0,0.69,102.44,0.68,57.0,0.7,19.08,0.71,86.0,0.01,0.01,2373.241956,1776291385000
1776291387.716,87.716,0.3,149.0,0.29,47.5,0.31,20.0,0.33,10.0,0.69,62.0,0.66,67.0,0.7,159.5,0.71,63.5,0.01,0.01,2373.142346,1776291386000
1776291388.085,88.085,0.3,193.5,0.29,75.0,0.33,10.0,0.36,82.5,0.69,20.0,0.67,10.0,0.7,149.0,0.71,47.5,0.03,0.01,2373.116796,1776291387000
1776291388.428,88.428,0.33,77.42,0.32,98.0,0.35,20.5,0.36,87.5,0.65,20.5,0.64,25.5,0.67,74.5,0.68,98.0,0.02,0.02,2373.116796,1776291387000
1776291389.487,89.487,0.3,58.47,0.29,100.0,0.31,35.0,0.32,71.0,0.66,20.5,0.65,35.5,0.67,9.95,0.68,46.0,0.01,0.01,2373.154859,1776291388000
1776291390.374,90.374,0.31,58.0,0.3,126.97,0.33,33.0,0.34,102.5,0.69,35.0,0.68,71.0,0.7,58.47,0.71,100.0,0.02,0.01,2373.292874,1776291389000
1776291391.635,91.635,0.36,18.75,0.35,60.0,0.37,20.5,0.38,35.0,0.67,33.0,0.66,102.5,0.69,58.0,0.7,126.97,0.01,0.02,2373.2625,1776291390000
1776291393.3,93.3,0.37,149.0,0.36,87.0,0.38,0.23,0.39,215.21,0.63,20.5,0.62,35.0,0.64,18.75,0.65,60.0,0.01,0.01,2373.445187,1776291392000
1776291393.671,93.671,0.38,139.0,0.37,60.97,0.39,218.8,0.4,15.0,0.61,215.21,0.6,5.0,0.62,10.77,0.63,149.97,0.01,0.01,2373.445187,1776291392000
1776291397.029,97.029,0.38,57.0,0.37,132.4,0.39,229.69,0.4,72.0,0.61,212.39,0.6,15.0,0.62,139.0,0.63,60.97,0.01,0.01,2373.618557,1776291395000
1776291397.243,97.243,0.38,72.0,0.37,117.0,0.39,157.76,0.4,15.0,0.61,229.69,0.6,72.0,0.62,57.0,0.63,132.4,0.01,0.01,2373.61151,1776291396000
1776291397.664,97.664,0.38,58.9,0.37,60.0,0.39,152.76,0.4,15.0,0.61,157.76,0.6,15.0,0.62,72.0,0.63,117.0,0.01,0.01,2373.61151,1776291396000
1776291401.081,101.081,0.36,15.0,0.35,15.0,0.39,117.26,0.4,18.0,0.61,152.76,0.6,15.0,0.62,58.9,0.63,60.0,0.03,0.01,2373.616544,1776291399000
1776291401.838,101.838,0.38,62.0,0.37,15.0,0.39,121.11,0.4,5.0,0.61,115.61,0.6,5.0,0.62,52.0,0.63,10.0,0.01,0.01,2373.628852,1776291400000
1776291402.11,102.11,0.38,93.0,0.37,26.0,0.39,116.11,0.4,5.0,0.61,121.11,0.6,5.0,0.62,62.0,0.63,15.0,0.01,0.01,2373.628852,1776291400000
1776291403.713,103.713,0.38,187.5,0.37,79.9,0.39,65.61,0.41,5.0,0.61,116.11,0.6,5.0,0.62,93.0,0.63,26.0,0.01,0.01,2373.716327,1776291402000
1776291404.1,104.1,0.38,211.8,0.37,79.9,0.41,5.0,0.42,100.5,0.61,65.61,0.59,5.0,0.62,187.5,0.63,79.9,0.03,0.01,2373.716327,1776291402000
1776291406.616,106.616,0.42,57.0,0.41,166.9,0.43,9.5,0.44,25.5,0.59,5.0,0.58,100.5,0.62,211.8,0.63,79.9,0.01,0.03,2373.921891,1776291405000
1776291407.652,107.652,0.44,152.0,0.43,86.7,0.45,85.5,0.46,70.0,0.57,9.5,0.56,25.5,0.58,57.0,0.59,166.9,0.01,0.01,2373.92598,1776291406000
1776291407.877,107.877,0.44,194.0,0.43,105.7,0.45,64.23,0.46,70.0,0.55,85.5,0.54,70.0,0.56,152.0,0.57,86.7,0.01,0.01,2373.92598,1776291406000
1776291408.498,108.498,0.44,208.6,0.43,105.7,0.45,0.23,0.46,70.0,0.55,64.23,0.54,70.0,0.56,194.0,0.57,105.7,0.01,0.01,2373.92598,1776291406000
1776291409.806,109.806,0.44,208.6,0.43,106.2,0.46,20.0,0.47,65.0,0.55,0.23,0.54,70.0,0.56,208.6,0.57,105.7,0.02,0.01,2374.143228,1776291408000
1776291411.67,111.67,0.45,138.5,0.44,64.6,0.46,25.5,0.47,75.0,0.54,20.0,0.53,65.0,0.56,208.6,0.57,106.2,0.01,0.02,2374.220485,1776291410000
1776291412.247,112.247,0.45,140.77,0.44,64.6,0.46,20.5,0.47,75.0,0.54,25.5,0.53,75.0,0.55,138.5,0.56,64.6,0.01,0.01,2374.220485,1776291410000
1776291415.518,115.518,0.44,5.0,0.43,10.0,0.46,123.5,0.47,96.0,0.54,20.5,0.53,75.0,0.55,140.77,0.56,64.6,0.02,0.01,2374.270313,1776291414000
1776291420.004,120.004,0.43,27.0,0.42,25.5,0.44,69.77,0.45,30.5,0.55,5.0,0.54,123.5,0.57,10.0,0.58,24.8,0.01,0.02,2374.136727,1776291418000
1776291420.682,120.682,0.43,22.0,0.42,35.5,0.44,85.27,0.45,30.5,0.56,69.77,0.55,30.5,0.57,27.0,0.58,25.5,0.01,0.01,2374.136839,1776291419000
1776291421.103,121.103,0.43,27.61,0.42,25.5,0.44,85.27,0.45,30.5,0.56,85.27,0.55,30.5,0.57,22.0,0.58,35.5,0.01,0.01,2374.136839,1776291419000
1776291425.311,125.311,0.43,98.11,0.42,55.5,0.44,9.44,0.45,30.5,0.56,85.27,0.55,30.5,0.57,27.61,0.58,25.5,0.01,0.01,2374.182583,1776291424000
1776291425.995,125.995,0.39,12.82,0.36,50.0,0.43,25.5,0.44,163.94,0.56,9.44,0.55,30.5,0.57,98.11,0.58,55.5,0.04,0.01,2374.182583,1776291424000
1776291426.392,126.392,0.34,31.57,0.33,35.0,0.35,32.0,0.36,22.0,0.57,32.5,0.56,74.94,0.64,50.0,0.66,32.74,0.01,0.07,2374.1853,1776291425000
1776291427.386,127.386,0.34,6.23,0.33,25.0,0.35,202.5,0.36,107.5,0.65,32.0,0.64,22.0,0.66,31.57,0.67,35.0,0.01,0.01,2374.1853,1776291425000
1776291428.018,128.018,0.27,10.0,0.26,48.7,0.3,121.0,0.31,50.0,0.67,61.6,0.66,20.5,0.71,20.5,0.73,55.0,0.03,0.04,2374.1755,1776291426000
1776291428.651,128.651,0.26,20.27,0.25,34.2,0.27,43.0,0.28,27.0,0.7,121.0,0.69,50.0,0.74,37.56,0.75,19.2,0.01,0.04,2373.941098,1776291427000
1776291429.633,129.633,0.26,0.27,0.25,41.2,0.27,125.0,0.28,17.0,0.73,43.0,0.72,27.0,0.74,20.27,0.75,34.2,0.01,0.01,2373.382583,1776291428000
1776291429.923,129.923,0.26,11.27,0.25,46.2,0.27,125.0,0.28,17.0,0.73,125.0,0.72,17.0,0.74,0.27,0.75,41.2,0.01,0.01,2373.382583,1776291428000
1776291430.793,130.793,0.23,10.5,0.22,28.0,0.27,212.5,0.28,49.5,0.73,112.0,0.72,17.0,0.74,11.27,0.75,51.2,0.04,0.01,2373.047425,1776291429000
1776291431.247,131.247,0.21,88.7,0.2,83.5,0.23,171.0,0.24,49.0,0.76,22.0,0.75,47.0,0.78,23.34,0.79,41.7,0.02,0.02,2373.047238,1776291430000
1776291431.747,131.747,0.2,106.27,0.19,46.4,0.21,57.0,0.22,74.0,0.78,15.0,0.77,156.0,0.8,83.5,0.81,23.4,0.01,0.02,2373.047238,1776291430000
1776291432.083,132.083,0.2,45.71,0.19,8.0,0.21,166.0,0.22,42.0,0.79,57.0,0.78,74.0,0.8,106.27,0.81,46.4,0.01,0.01,2373.047238,1776291430000
1776291432.49,132.49,0.19,8.0,0.18,58.0,0.2,101.41,0.21,136.5,0.79,166.0,0.78,42.0,0.81,8.0,0.82,58.0,0.01,0.02,2373.040755,1776291431000
1776291432.872,132.872,0.18,11.9,0.17,73.0,0.19,126.34,0.2,68.0,0.8,101.41,0.79,136.5,0.81,3.0,0.82,58.0,0.01,0.01,2373.040755,1776291431000
1776291433.327,133.327,0.18,1.9,0.16,25.0,0.19,140.84,0.2,45.5,0.81,126.34,0.8,68.0,0.82,11.9,0.83,73.0,0.01,0.01,2372.730355,1776291432000
1776291434.299,134.299,0.14,63.64,0.13,68.8,0.15,149.0,0.16,42.0,0.81,140.84,0.8,45.5,0.84,25.0,0.87,36.8,0.01,0.03,2372.730355,1776291432000
1776291434.825,134.825,0.14,53.64,0.13,78.8,0.15,154.0,0.16,58.0,0.85,149.0,0.84,42.0,0.86,63.64,0.87,68.8,0.01,0.01,2372.47469,1776291433000
1776291435.248,135.248,0.14,53.64,0.13,78.8,0.15,242.33,0.16,158.0,0.85,247.33,0.84,158.0,0.86,53.64,0.87,78.8,0.01,0.01,2372.2563,1776291434000
1776291435.554,135.554,0.14,47.0,0.13,79.3,0.15,230.66,0.16,158.0,0.85,237.33,0.84,158.0,0.86,47.64,0.87,68.8,0.01,0.01,2372.2563,1776291434000
1776291436.08,136.08,0.14,45.83,0.13,42.5,0.15,247.66,0.16,173.0,0.85,230.66,0.84,158.0,0.86,47.0,0.87,79.3,0.01,0.01,2372.2563,1776291434000
1776291436.298,136.298,0.14,40.33,0.13,42.5,0.15,252.66,0.16,173.0,0.85,247.66,0.84,173.0,0.86,45.83,0.87,42.5,0.01,0.01,2372.068261,1776291435000
1776291436.699,136.699,0.14,27.06,0.13,42.5,0.15,236.66,0.16,162.0,0.85,241.66,0.84,162.0,0.86,35.67,0.87,42.5,0.01,0.01,2372.068261,1776291435000
1776291437.419,137.419,0.11,36.0,0.1,40.0,0.13,242.5,0.14,206.5,0.85,236.66,0.84,162.0,0.86,27.06,0.87,42.5,0.02,0.01,2371.951224,1776291436000
1776291437.843,137.843,0.11,31.27,0.1,120.5,0.12,183.0,0.13,138.0,0.87,242.5,0.86,206.5,0.89,36.0,0.9,40.0,0.01,0.02,2371.951224,1776291436000
1776291439.262,139.262,0.11,104.06,0.1,137.0,0.12,141.0,0.13,182.0,0.88,183.0,0.87,138.0,0.89,31.27,0.9,120.5,0.01,0.01,2371.860907,1776291438000
1776291439.474,139.474,0.11,89.17,0.1,155.0,0.12,161.0,0.13,166.0,0.88,141.0,0.87,182.0,0.89,104.06,0.9,137.0,0.01,0.01,2371.860907,1776291438000
1776291440.462,140.462,0.11,48.0,0.1,80.0,0.12,347.0,0.13,194.5,0.88,166.0,0.87,215.0,0.89,78.14,0.9,155.0,0.01,0.01,2371.860907,1776291438000
1776291441.249,141.249,0.11,38.0,0.1,40.0,0.12,354.0,0.13,194.5,0.88,342.0,0.87,184.5,0.89,42.39,0.9,80.0,0.01,0.01,2371.860907,1776291438000
1776291441.845,141.845,0.11,33.0,0.1,40.0,0.12,362.25,0.13,184.5,0.88,347.25,0.87,194.5,0.89,38.0,0.9,40.0,0.01,0.01,2371.75593,1776291440000
1776291442.144,142.144,0.11,19.38,0.1,40.0,0.12,342.25,0.13,194.5,0.88,362.25,0.87,184.5,0.89,33.0,0.9,40.0,0.01,0.01,2371.75593,1776291440000
1776291442.972,142.972,0.1,4.38,0.09,114.01,0.12,151.5,0.13,94.5,0.88,342.25,0.87,194.5,0.89,14.38,0.9,40.0,0.02,0.01,2371.661072,1776291441000
1776291444.147,144.147,0.09,121.79,0.08,192.9,0.1,84.0,0.11,75.5,0.88,176.5,0.87,94.5,0.91,68.39,0.92,53.9,0.01,0.03,2371.437385,1776291442000
1776291444.447,144.447,0.09,56.79,0.08,113.0,0.1,151.5,0.11,142.5,0.9,84.0,0.89,75.5,0.91,121.79,0.92,192.9,0.01,0.01,2371.437385,1776291442000
1776291447.505,147.505,0.09,158.05,0.08,73.62,0.1,41.0,0.11,40.0,0.9,151.5,0.89,142.5,0.91,56.79,0.92,113.0,0.01,0.01,2371.337277,1776291446000
1776291448.902,148.902,0.09,176.05,0.08,222.52,0.1,11.0,0.11,15.0,0.9,41.0,0.89,40.0,0.91,158.05,0.92,73.62,0.01,0.01,2371.3692,1776291447000
1776291450.089,150.089,0.1,80.0,0.09,47.0,0.11,119.7,0.12,84.5,0.89,15.0,0.88,60.5,0.91,176.05,0.92,222.52,0.01,0.02,2371.451924,1776291448000
1776291450.962,150.962,0.1,96.77,0.09,52.0,0.11,109.2,0.12,75.5,0.89,119.7,0.88,84.5,0.9,80.0,0.91,47.0,0.01,0.01,2371.453574,1776291449000
1776291451.366,151.366,0.1,115.64,0.09,52.0,0.12,27.38,0.13,69.5,0.89,84.2,0.88,80.5,0.9,94.54,0.91,52.0,0.02,0.01,2371.453574,1776291449000
1776291452.158,152.158,0.1,125.41,0.09,52.0,0.11,72.28,0.12,27.38,0.88,27.38,0.87,69.5,0.9,115.64,0.91,52.0,0.01,0.02,2371.472152,1776291450000
1776291455.386,155.386,0.07,98.43,0.06,32.0,0.08,109.5,0.09,59.5,0.89,97.28,0.88,37.88,0.9,99.85,0.91,52.0,0.01,0.01,2371.514275,1776291453000
1776291457.295,157.295,0.07,135.72,0.06,49.0,0.08,102.6,0.09,41.5,0.92,109.5,0.91,59.5,0.93,98.43,0.94,32.0,0.01,0.01,2371.06116,1776291456000
1776291457.873,157.873,0.07,160.72,0.06,247.8,0.08,29.1,0.09,15.0,0.92,102.6,0.91,41.5,0.93,135.72,0.94,49.0,0.01,0.01,2371.06116,1776291456000
1776291459.627,159.627,0.07,272.72,0.06,276.8,0.08,25.66,0.09,10.0,0.92,29.1,0.91,15.0,0.93,160.72,0.94,247.8,0.01,0.01,2371.058484,1776291457000
1776291464.26,164.26,0.07,83.72,0.06,125.0,0.08,147.5,0.09,118.46,0.9,24.0,0.89,37.0,0.93,270.72,0.94,301.8,0.01,0.03,2371.53977,1776291463000
1776291465.235,165.235,0.07,33.3,0.06,30.0,0.08,148.5,0.09,147.46,0.92,127.5,0.91,118.46,0.93,83.72,0.94,125.0,0.01,0.01,2371.423561,1776291464000
1776291468.237,168.237,0.07,27.3,0.06,25.0,0.08,143.5,0.09,209.05,0.92,148.5,0.91,147.46,0.93,33.3,0.94,30.0,0.01,0.01,2371.014317,1776291466000
1776291469.207,169.207,0.07,24.17,0.06,25.0,0.08,200.68,0.09,79.46,0.92,143.5,0.91,209.05,0.93,27.3,0.94,25.0,0.01,0.01,2370.923148,1776291468000
1776291469.737,169.737,0.07,6.17,0.06,25.0,0.08,287.68,0.09,372.45,0.92,200.68,0.91,79.46,0.93,24.17,0.94,25.0,0.01,0.01,2370.923148,1776291468000
1776291471.373,171.373,0.05,71.62,0.04,54.0,0.06,174.5,0.07,96.51,0.92,292.68,0.91,372.45,0.94,25.0,0.95,81.0,0.01,0.02,2371.030716,1776291470000
1776291472.628,172.628,0.05,77.71,0.04,156.0,0.06,67.84,0.07,190.6,0.94,174.5,0.93,96.51,0.95,60.15,0.96,54.0,0.01,0.01,2370.875017,1776291471000
1776291474.571,174.571,0.05,86.58,0.04,236.0,0.06,47.34,0.07,57.5,0.94,67.84,0.93,190.6,0.95,77.71,0.96,156.0,0.01,0.01,2370.728526,1776291473000
1776291474.826,174.826,0.05,75.59,0.04,351.8,0.07,51.5,0.08,109.5,0.94,17.34,0.93,51.5,0.95,75.59,0.96,351.8,0.02,0.01,2370.728526,1776291473000
1776291475.894,175.894,0.06,167.0,0.05,267.2,0.08,30.0,0.09,83.46,0.93,51.5,0.92,109.5,0.95,75.59,0.96,351.8,0.02,0.02,2370.776255,1776291474000
1776291478.564,178.564,0.07,173.09,0.06,194.0,0.08,5.0,0.09,189.31,0.91,7.63,0.9,35.0,0.92,51.0,0.93,128.0,0.01,0.01,2371.4086,1776291477000
1776291479.822,179.822,0.09,5.0,0.08,35.0,0.1,20.0,0.11,15.0,0.92,5.0,0.91,189.31,0.93,173.09,0.94,194.0,0.01,0.01,2371.415308,1776291478000
1776291480.698,180.698,0.1,20.0,0.09,92.0,0.11,184.91,0.12,117.5,0.9,20.0,0.89,15.0,0.91,5.0,0.92,35.0,0.01,0.01,2371.442345,1776291479000
1776291481.16,181.16,0.09,92.0,0.08,105.9,0.11,179.41,0.12,117.5,0.89,189.91,0.88,117.5,0.9,10.0,0.91,92.0,0.02,0.01,2371.441005,1776291480000
1776291481.973,181.973,0.09,104.0,0.08,116.9,0.1,0.51,0.11,5.0,0.89,179.41,0.88,117.5,0.91,92.0,0.92,105.9,0.01,0.02,2371.785991,1776291481000
1776291482.213,182.213,0.1,13.49,0.09,172.0,0.12,30.0,0.13,30.0,0.9,0.51,0.89,5.0,0.91,104.0,0.92,116.9,0.02,0.01,2371.785991,1776291481000
1776291482.74,182.74,0.12,50.46,0.11,107.0,0.13,40.0,0.14,55.5,0.88,30.0,0.87,30.0,0.9,13.49,0.91,172.0,0.01,0.02,2371.785991,1776291481000
1776291483.285,183.285,0.07,8.9,0.06,25.0,0.08,64.5,0.09,89.5,0.87,40.0,0.86,55.5,0.88,50.46,0.89,107.0,0.01,0.01,2371.792537,1776291482000
1776291483.586,183.586,0.05,19.73,0.04,210.8,0.06,20.5,0.07,54.93,0.93,30.5,0.92,273.32,0.94,23.23,0.95,125.0,0.01,0.01,2371.792537,1776291482000
1776291484.863,184.863,0.04,285.25,0.03,519.7,0.05,20.0,0.06,84.5,0.94,20.5,0.93,54.93,0.95,19.73,0.96,210.8,0.01,0.01,2371.869816,1776291483000
1776291486.882,186.882,0.04,237.55,0.03,648.7,0.05,15.0,0.07,30.93,0.95,20.0,0.94,84.5,0.96,285.25,0.97,519.7,0.01,0.01,2371.20788,1776291485000
1776291487.759,187.759,0.04,222.74,0.03,623.7,0.05,15.0,0.06,10.0,0.95,15.0,0.93,30.93,0.96,237.55,0.97,648.7,0.01,0.01,2371.155861,1776291486000
1776291488.042,188.042,0.04,227.74,0.03,623.7,0.05,8.88,0.06,10.0,0.95,15.0,0.94,10.0,0.96,222.74,0.97,623.7,0.01,0.01,2371.155861,1776291486000
1776291489.015,189.015,0.04,227.74,0.03,623.7,0.05,4.75,0.06,10.0,0.95,8.88,0.94,10.0,0.96,227.74,0.97,623.7,0.01,0.01,2371.155861,1776291486000
1776291492.587,192.587,0.04,5.0,0.03,321.0,0.05,624.07,0.06,205.5,0.95,4.75,0.94,10.0,0.96,227.74,0.97,623.7,0.01,0.01,2371.280513,1776291491000
1776291492.793,192.793,0.03,61.75,0.02,514.0,0.04,244.5,0.05,507.07,0.96,130.5,0.95,507.07,0.97,61.85,0.98,280.0,0.01,0.01,2371.280513,1776291491000
1776291493.068,193.068,0.02,125.73,0.01,2343.6,0.03,291.5,0.04,365.5,0.97,385.75,0.96,339.5,0.98,152.73,0.99,2343.6,0.01,0.01,2371.294622,1776291492000
1776291493.58,193.58,0.02,81.73,0.01,2443.6,0.03,243.5,0.04,239.5,0.97,238.5,0.96,339.5,0.98,86.73,0.99,2443.6,0.01,0.01,2371.294622,1776291492000
1776291493.971,193.971,0.02,74.57,0.01,2443.6,0.03,292.5,0.04,306.5,0.97,290.5,0.96,276.5,0.98,125.07,0.99,2443.6,0.01,0.01,2371.294622,1776291492000
1776291494.58,194.58,0.01,2659.6,,,0.03,152.0,0.04,295.5,0.97,292.5,0.96,306.5,0.98,41.22,0.99,2443.6,0.02,0.01,2371.294622,1776291492000
1776291495.554,195.554,0.01,2456.6,,,0.02,207.44,0.03,386.0,0.98,112.5,0.97,154.0,0.99,2549.6,,,0.01,0.01,2368.630052,1776291494000
1776291495.866,195.866,0.01,2443.6,,,0.02,106.39,0.03,630.82,0.98,207.44,0.97,386.0,0.99,2456.6,,,0.01,0.01,2368.630052,1776291494000
1776291496.101,196.101,0.01,2423.6,,,0.02,116.58,0.03,684.82,0.98,106.39,0.97,630.82,0.99,2443.6,,,0.01,0.01,2368.630052,1776291494000
1776291496.715,196.715,0.01,2423.6,,,0.02,102.58,0.03,702.82,0.98,116.58,0.97,684.82,0.99,2423.6,,,0.01,0.01,2368.600585,1776291495000
1776291497.309,197.309,0.01,2452.02,,,0.02,96.58,0.03,906.14,0.98,102.58,0.97,702.82,0.99,2423.6,,,0.01,0.01,2368.600585,1776291495000
1776291501.412,201.412,0.01,2207.35,,,0.02,31.69,0.03,653.82,0.98,96.58,0.97,906.14,0.99,2452.02,,,0.01,0.01,2369.304295,1776291500000
1776291501.788,201.788,0.01,2193.35,,,0.02,15.69,0.03,595.99,0.98,25.69,0.97,632.99,0.99,2199.35,,,0.01,0.01,2369.304295,1776291500000
1776291502.709,202.709,0.02,300.6,0.01,2005.02,0.03,581.68,0.04,169.5,0.97,576.68,0.96,107.5,0.99,2127.02,,,0.01,0.02,2369.304295,1776291500000
1776291507.03,207.03,0.02,126.85,0.01,1967.02,0.03,696.68,0.04,137.5,0.97,581.68,0.96,169.5,0.98,300.6,0.99,2005.02,0.01,0.01,2369.846127,1776291505000
1776291507.86,207.86,0.02,81.35,0.01,1933.35,0.03,671.68,0.04,137.5,0.97,696.68,0.96,137.5,0.98,126.85,0.99,1967.02,0.01,0.01,2369.846127,1776291505000
1776291508.583,208.583,0.02,35.19,0.01,1883.35,0.03,706.61,0.04,80.5,0.97,649.61,0.96,137.5,0.98,76.35,0.99,1933.35,0.01,0.01,2369.776223,1776291507000
1776291511.179,211.179,0.01,1855.02,,,0.02,379.49,0.03,501.62,0.97,706.61,0.96,80.5,0.98,35.19,0.99,1883.35,0.01,0.01,2369.545539,1776291510000
1776291514.138,214.138,0.01,1820.35,,,0.02,299.49,0.03,478.62,0.98,364.49,0.97,501.62,0.99,1855.02,,,0.01,0.01,2369.429371,1776291513000
1776291515.154,215.154,0.01,1860.02,,,0.02,169.99,0.03,477.62,0.98,299.49,0.97,478.62,0.99,1820.35,,,0.01,0.01,2369.409733,1776291514000
1776291516.046,216.046,0.01,1829.02,,,0.02,195.99,0.03,471.62,0.98,169.99,0.97,477.62,0.99,1860.02,,,0.01,0.01,2369.363882,1776291515000
1776291516.7,216.7,0.01,1829.02,,,0.02,195.98,0.03,471.62,0.98,195.99,0.97,471.62,0.99,1829.02,,,0.01,0.01,2369.363882,1776291515000
1776291516.987,216.987,0.01,1823.02,,,0.02,195.98,0.03,495.62,0.98,195.98,0.97,471.62,0.99,1829.02,,,0.01,0.01,2369.519224,1776291516000
1776291518.548,218.548,0.01,1795.35,,,0.02,163.45,0.03,477.62,0.98,195.98,0.97,495.62,0.99,1823.02,,,0.01,0.01,2369.526148,1776291517000
1776291518.751,218.751,0.01,1795.35,,,0.02,163.45,0.03,477.62,0.98,163.45,0.97,477.62,0.99,1795.35,,,0.01,0.01,2369.526148,1776291517000
1776291522.958,222.958,0.01,1369.75,,,0.02,342.45,0.03,478.32,0.98,163.45,0.97,477.62,0.99,1795.35,,,0.01,0.01,2369.458801,1776291521000
1776291523.232,223.232,0.01,1347.55,,,0.02,342.45,0.03,478.32,0.98,342.45,0.97,478.32,0.99,1349.55,,,0.01,0.01,2369.458801,1776291521000
1776291523.549,223.549,0.01,1331.34,,,0.02,416.45,0.03,478.32,0.98,342.45,0.97,478.32,0.99,1347.55,,,0.01,0.01,2369.458801,1776291521000
1776291524.905,224.905,,,,,0.01,1159.99,0.02,649.15,0.98,416.45,0.97,478.32,0.99,1331.34,,,,0.01,2369.25325,1776291524000
1776291525.244,225.244,,,,,0.01,1366.96,0.02,529.15,0.99,1159.99,0.98,649.15,,,,,,,2369.25325,1776291524000
1776291528.016,228.016,,,,,0.01,1526.69,0.02,682.18,0.99,1366.96,0.98,529.15,,,,,,,2369.154699,1776291526000
1776291528.644,228.644,,,,,0.01,1785.03,0.02,672.18,0.99,1525.55,0.98,682.18,,,,,,,2369.080422,1776291527000
1776291529.625,229.625,,,,,0.01,2254.08,0.02,672.18,0.99,1785.03,0.98,672.18,,,,,,,2369.078669,1776291528000
1776291532.026,232.026,,,,,0.01,2455.89,0.02,691.18,0.99,2254.08,0.98,672.18,,,,,,,2368.47388,1776291530000
1776291536.83,236.83,,,,,0.01,2516.0,0.02,790.17,0.99,2455.89,0.98,691.18,,,,,,,2368.145162,1776291535000
1776291554.285,254.285,0.001,314.97,,,0.009,400.0,0.01,4570.09,0.99,2516.0,0.98,790.17,,,,,0.008,,2367.041064,1776291552000
1776291554.672,254.672,0.001,313.96,,,0.009,400.0,0.01,4635.09,0.991,400.0,0.99,4570.09,0.999,314.97,,,0.008,0.008,2367.174711,1776291553000
1776291554.894,254.894,0.001,42.41,,,0.009,400.0,0.01,4548.09,0.991,400.0,0.99,4578.09,0.999,242.41,,,0.008,0.008,2367.174711,1776291553000
1776291555.265,255.265,0.002,179.98,0.001,47.41,0.009,400.0,0.01,4250.11,0.991,400.0,0.99,4548.09,0.999,42.41,,,0.007,0.008,2367.207212,1776291554000
1776291556.066,256.066,0.002,149.98,0.001,47.41,0.009,400.0,0.01,4245.11,0.991,400.0,0.99,4250.11,0.998,179.98,0.999,47.41,0.007,0.007,2367.19313,1776291555000
1776291561.666,261.666,0.003,2.0,0.002,149.98,0.009,539.15,0.01,5080.41,0.991,400.0,0.99,4245.11,0.998,149.98,0.999,47.41,0.006,0.007,2365.821004,1776291560000
1776291565.014,265.014,0.002,149.98,0.001,397.41,0.003,38.0,0.009,539.15,0.991,539.15,0.99,5080.41,0.997,2.0,0.998,149.98,0.001,0.006,2366.290386,1776291563000
1776291565.57,265.57,0.002,138.19,0.001,397.41,0.003,38.0,0.009,539.15,0.997,38.0,0.991,539.15,0.998,149.98,0.999,397.41,0.001,0.001,2366.251065,1776291564000
1776291565.994,265.994,0.002,108.19,0.001,647.41,0.003,38.0,0.009,539.15,0.997,38.0,0.991,539.15,0.998,138.19,0.999,397.41,0.001,0.001,2366.251065,1776291564000
1776291575.806,275.806,0.001,422.41,,,0.008,44.0,0.009,539.15,0.997,38.0,0.991,539.15,0.998,108.19,0.999,647.41,0.007,0.001,2366.340567,1776291574000
1776291576.357,276.357,0.001,421.4,,,0.008,44.0,0.009,539.15,0.992,44.0,0.991,539.15,0.999,422.41,,,0.007,0.007,2366.32129,1776291575000
1776291576.74,276.74,0.001,415.41,,,0.008,44.0,0.009,539.15,0.992,44.0,0.991,539.15,0.999,421.4,,,0.007,0.007,2366.32129,1776291575000
1776291581.968,281.968,0.001,375.41,,,0.008,50.02,0.009,539.15,0.992,44.0,0.991,539.15,0.999,385.41,,,0.007,0.007,2366.246191,1776291580000
1776291582.815,282.815,0.001,368.81,,,0.008,50.02,0.009,539.15,0.992,50.02,0.991,539.15,0.999,375.41,,,0.007,0.007,2366.347655,1776291581000
1776291583.713,283.713,0.001,288.73,,,0.008,50.02,0.009,539.15,0.992,50.02,0.991,539.15,0.999,368.81,,,0.007,0.007,2366.34399,1776291582000
1776291584.163,284.163,0.001,288.73,,,0.009,253.61,0.01,5689.93,0.992,50.02,0.991,539.15,0.999,288.73,,,0.008,0.007,2366.34399,1776291582000
1776291585.515,285.515,0.001,283.73,,,0.009,253.61,0.01,5752.13,0.991,253.61,0.99,5689.93,0.999,288.73,,,0.008,0.008,2366.390663,1776291584000
1776291586.034,286.034,0.001,277.74,,,0.009,253.61,0.01,5752.13,0.991,253.61,0.99,5752.13,0.999,283.73,,,0.008,0.008,2366.390663,1776291584000
1776291587.31,287.31,0.001,271.75,,,0.009,253.61,0.01,5755.13,0.991,253.61,0.99,5752.13,0.999,277.74,,,0.008,0.008,2366.42776,1776291586000
1776291587.648,287.648,0.001,241.75,,,0.009,277.61,0.01,5750.13,0.991,253.61,0.99,5755.13,0.999,271.75,,,0.008,0.008,2366.42776,1776291586000
1776291591.122,291.122,0.001,116.05,,,0.009,352.67,0.01,5902.55,0.991,277.61,0.99,5750.13,0.999,241.75,,,0.008,0.008,2366.446956,1776291589000
1776291591.428,291.428,0.001,97.02,,,0.009,352.67,0.01,5902.55,0.991,352.67,0.99,5902.55,0.999,116.05,,,0.008,0.008,2366.450351,1776291590000
1776291591.651,291.651,0.001,87.02,,,0.009,352.67,0.01,5902.55,0.991,352.67,0.99,5902.55,0.999,97.02,,,0.008,0.008,2366.450351,1776291590000
1776291594.006,294.006,0.001,72.01,,,0.009,352.67,0.01,5899.72,0.991,352.67,0.99,5902.55,0.999,87.02,,,0.008,0.008,2366.705456,1776291593000
1776291594.884,294.884,,,,,0.009,277.52,0.01,6181.61,0.991,277.52,0.99,5904.72,0.999,2.01,,,,0.008,2366.705456,1776291593000

# RESULT,winner=Down,slug=eth-updown-5m-1776291300,ticks=216
